tom van buren	socialist
ethan johnson	socialist
irene falkner	republican
alice robinson	independent
victor xylophone	green
irene polk	green
nick johnson	socialist
nick ichabod	libertarian
quinn underhill	democrat
quinn white	independent
alice van buren	independent
jessica brown	independent
calvin miller	socialist
oscar laertes	green
fred garcia	republican
quinn king	socialist
zach ichabod	republican
rachel thompson	socialist
mike falkner	libertarian
david laertes	libertarian
ethan van buren	socialist
quinn miller	democrat
tom ellison	socialist
holly garcia	libertarian
katie underhill	republican
jessica nixon	democrat
gabriella ichabod	green
gabriella ellison	republican
bob carson	socialist
quinn ichabod	socialist
luke robinson	democrat
rachel ovid	green
quinn quirinius	libertarian
irene van buren	socialist
fred polk	socialist
ulysses allen	libertarian
priscilla brown	libertarian
david xylophone	socialist
xavier quirinius	green
ulysses robinson	independent
xavier robinson	democrat
priscilla white	democrat
david johnson	republican
zach quirinius	democrat
gabriella davidson	democrat
wendy ovid	democrat
luke carson	republican
bob johnson	socialist
alice king	libertarian
priscilla brown	green
wendy xylophone	green
gabriella ovid	democrat
oscar robinson	republican
ethan miller	independent
irene king	libertarian
gabriella miller	libertarian
ethan laertes	independent
irene zipper	green
oscar young	libertarian
holly van buren	democrat
jessica polk	democrat
gabriella zipper	independent
tom garcia	socialist
oscar nixon	libertarian
nick davidson	independent
irene robinson	democrat
wendy thompson	green
rachel miller	green
yuri carson	socialist
zach johnson	republican
mike white	socialist
sarah nixon	libertarian
david young	socialist
tom garcia	green
priscilla hernandez	independent
priscilla van buren	democrat
fred miller	republican
calvin carson	socialist
tom underhill	republican
tom miller	green
victor laertes	green
david carson	republican
nick laertes	green
alice zipper	independent
yuri polk	socialist
katie ichabod	independent
ulysses ovid	republican
calvin brown	independent
nick ellison	green
sarah laertes	republican
sarah van buren	socialist
rachel zipper	socialist
holly steinbeck	independent
tom johnson	independent
jessica xylophone	libertarian
jessica davidson	socialist
xavier allen	libertarian
david young	green
priscilla thompson	green
jessica steinbeck	libertarian
mike miller	libertarian
nick ichabod	socialist
alice allen	socialist
zach white	republican
sarah underhill	socialist
quinn zipper	independent
oscar falkner	socialist
alice robinson	independent
luke van buren	republican
katie ovid	republican
ulysses johnson	green
victor underhill	democrat
oscar garcia	republican
mike van buren	democrat
rachel van buren	libertarian
katie zipper	democrat
xavier garcia	independent
gabriella van buren	independent
yuri laertes	independent
yuri xylophone	republican
nick king	green
jessica ovid	socialist
ulysses carson	democrat
priscilla hernandez	democrat
mike polk	socialist
katie steinbeck	independent
irene underhill	democrat
xavier van buren	independent
katie davidson	green
tom white	green
wendy thompson	green
gabriella davidson	green
zach garcia	independent
xavier white	democrat
katie robinson	libertarian
fred allen	libertarian
ethan young	libertarian
calvin allen	republican
luke ichabod	republican
bob hernandez	socialist
quinn underhill	socialist
tom allen	green
rachel laertes	socialist
quinn falkner	green
gabriella underhill	socialist
calvin robinson	democrat
oscar miller	republican
katie carson	socialist
gabriella king	republican
bob brown	republican
katie polk	green
tom zipper	libertarian
wendy king	green
luke robinson	democrat
katie underhill	independent
victor van buren	independent
sarah ovid	green
xavier xylophone	socialist
luke ovid	republican
rachel zipper	independent
ulysses king	independent
calvin ovid	socialist
zach ellison	socialist
sarah nixon	libertarian
mike polk	libertarian
zach falkner	democrat
xavier garcia	independent
oscar nixon	socialist
ethan polk	green
tom robinson	republican
nick underhill	libertarian
holly davidson	democrat
david nixon	socialist
priscilla young	libertarian
xavier hernandez	socialist
zach ovid	republican
irene quirinius	green
wendy laertes	libertarian
zach robinson	socialist
mike white	democrat
wendy carson	independent
nick allen	republican
victor robinson	libertarian
alice polk	republican
rachel ichabod	democrat
yuri underhill	republican
david nixon	green
katie xylophone	green
priscilla laertes	green
david white	green
holly underhill	libertarian
luke johnson	republican
xavier xylophone	green
luke ellison	republican
oscar ichabod	democrat
holly carson	republican
luke king	libertarian
priscilla king	democrat
calvin nixon	green
rachel zipper	green
quinn allen	independent
ulysses miller	republican
ethan white	green
fred garcia	green
alice laertes	republican
jessica falkner	republican
jessica underhill	green
victor johnson	green
alice white	democrat
mike zipper	republican
calvin laertes	independent
calvin brown	green
david steinbeck	republican
gabriella brown	socialist
katie ichabod	republican
irene johnson	independent
xavier underhill	democrat
fred ovid	independent
yuri ovid	independent
yuri carson	independent
sarah ichabod	independent
gabriella miller	libertarian
rachel xylophone	democrat
yuri brown	independent
wendy brown	socialist
victor hernandez	libertarian
priscilla underhill	green
holly davidson	green
irene miller	republican
ulysses garcia	republican
mike king	independent
rachel garcia	libertarian
holly brown	libertarian
fred king	libertarian
oscar xylophone	socialist
david steinbeck	republican
bob quirinius	socialist
priscilla hernandez	socialist
alice polk	independent
jessica davidson	libertarian
priscilla steinbeck	democrat
quinn ellison	republican
mike king	socialist
rachel thompson	green
alice robinson	libertarian
fred van buren	republican
ulysses young	republican
david carson	democrat
luke allen	democrat
tom ovid	libertarian
jessica zipper	libertarian
sarah young	independent
mike hernandez	libertarian
david laertes	independent
yuri young	independent
victor robinson	democrat
irene xylophone	republican
bob nixon	socialist
bob thompson	green
sarah robinson	republican
bob davidson	democrat
gabriella nixon	democrat
ulysses zipper	socialist
calvin garcia	libertarian
irene johnson	democrat
irene king	democrat
quinn garcia	green
rachel zipper	republican
xavier white	democrat
ulysses xylophone	libertarian
calvin polk	socialist
tom johnson	independent
rachel white	independent
calvin quirinius	democrat
quinn carson	independent
rachel brown	libertarian
fred allen	republican
sarah van buren	independent
rachel garcia	socialist
luke carson	republican
jessica robinson	socialist
yuri robinson	independent
alice ovid	democrat
david miller	green
katie carson	socialist
oscar quirinius	libertarian
jessica white	independent
quinn white	libertarian
bob young	libertarian
mike laertes	democrat
zach hernandez	independent
wendy carson	independent
irene robinson	socialist
priscilla underhill	socialist
ulysses underhill	green
katie xylophone	independent
quinn laertes	independent
sarah laertes	democrat
bob nixon	socialist
alice king	republican
quinn davidson	socialist
sarah young	libertarian
mike van buren	libertarian
yuri garcia	green
holly davidson	democrat
david thompson	independent
rachel van buren	independent
xavier laertes	green
calvin laertes	democrat
oscar quirinius	republican
gabriella brown	democrat
ulysses steinbeck	independent
alice white	democrat
ulysses nixon	socialist
rachel laertes	libertarian
luke laertes	socialist
holly ovid	independent
holly johnson	libertarian
luke hernandez	independent
katie hernandez	democrat
sarah johnson	green
katie white	socialist
gabriella steinbeck	libertarian
mike steinbeck	republican
oscar king	socialist
sarah ichabod	green
rachel falkner	democrat
katie davidson	green
bob laertes	independent
jessica young	green
quinn polk	democrat
luke van buren	republican
luke xylophone	green
sarah laertes	libertarian
quinn white	republican
gabriella polk	republican
gabriella steinbeck	green
luke hernandez	libertarian
mike xylophone	green
holly van buren	democrat
fred hernandez	democrat
oscar hernandez	green
priscilla brown	green
xavier allen	republican
victor falkner	democrat
ethan garcia	socialist
priscilla robinson	libertarian
ulysses ovid	libertarian
tom van buren	democrat
xavier carson	green
irene garcia	democrat
wendy young	libertarian
nick johnson	republican
mike davidson	democrat
yuri laertes	independent
ethan carson	libertarian
katie ichabod	green
jessica king	independent
nick miller	independent
oscar thompson	libertarian
david underhill	libertarian
katie nixon	democrat
ulysses zipper	independent
bob allen	green
ethan underhill	republican
gabriella davidson	green
calvin king	green
holly van buren	democrat
wendy falkner	libertarian
katie quirinius	independent
ethan robinson	independent
priscilla hernandez	democrat
calvin falkner	republican
gabriella zipper	republican
david johnson	socialist
yuri thompson	democrat
fred xylophone	green
nick falkner	libertarian
priscilla nixon	libertarian
alice ellison	socialist
oscar quirinius	republican
bob falkner	green
holly falkner	libertarian
fred white	green
oscar xylophone	libertarian
gabriella brown	independent
jessica polk	green
rachel robinson	republican
holly falkner	republican
nick underhill	independent
ulysses polk	independent
yuri ichabod	democrat
bob laertes	republican
tom davidson	green
bob carson	green
luke laertes	republican
tom allen	socialist
oscar laertes	green
holly ichabod	libertarian
fred hernandez	democrat
zach garcia	libertarian
zach miller	republican
xavier white	libertarian
sarah miller	green
mike laertes	libertarian
zach robinson	republican
priscilla miller	green
fred polk	republican
irene robinson	republican
katie zipper	independent
gabriella robinson	libertarian
ethan king	green
irene ellison	republican
victor carson	republican
calvin brown	independent
bob carson	democrat
tom xylophone	republican
gabriella steinbeck	democrat
holly nixon	socialist
fred thompson	republican
quinn allen	libertarian
wendy allen	democrat
bob ovid	democrat
gabriella carson	libertarian
zach garcia	republican
sarah underhill	libertarian
katie polk	socialist
quinn robinson	republican
holly king	green
nick white	democrat
oscar davidson	socialist
oscar miller	socialist
alice carson	democrat
ethan white	libertarian
victor johnson	democrat
zach steinbeck	libertarian
jessica xylophone	independent
irene ovid	independent
holly van buren	democrat
rachel robinson	democrat
katie allen	socialist
mike ichabod	green
wendy ellison	socialist
ethan davidson	libertarian
ethan young	democrat
alice ichabod	democrat
jessica garcia	socialist
mike ellison	democrat
katie quirinius	independent
yuri underhill	democrat
holly ichabod	libertarian
sarah allen	independent
oscar brown	socialist
luke nixon	socialist
victor zipper	independent
luke white	republican
oscar white	socialist
luke johnson	independent
zach van buren	independent
fred ovid	democrat
fred white	republican
sarah zipper	independent
fred van buren	green
luke king	democrat
mike young	republican
quinn brown	libertarian
quinn van buren	green
tom robinson	republican
calvin allen	libertarian
mike falkner	republican
yuri nixon	libertarian
quinn allen	democrat
luke johnson	democrat
alice thompson	green
quinn davidson	republican
david van buren	socialist
tom laertes	socialist
fred ellison	independent
jessica falkner	independent
calvin thompson	green
ulysses falkner	socialist
fred ellison	republican
holly ichabod	socialist
luke laertes	independent
rachel hernandez	libertarian
alice falkner	socialist
priscilla young	independent
david white	independent
xavier ichabod	libertarian
yuri ellison	green
priscilla king	libertarian
jessica nixon	republican
gabriella quirinius	democrat
jessica thompson	libertarian
katie young	democrat
gabriella allen	socialist
zach polk	republican
xavier robinson	democrat
katie underhill	republican
katie xylophone	democrat
jessica hernandez	republican
irene davidson	green
ulysses falkner	libertarian
mike steinbeck	socialist
priscilla garcia	republican
holly johnson	libertarian
oscar miller	democrat
tom ellison	socialist
wendy white	libertarian
xavier brown	green
bob thompson	green
wendy white	green
ulysses falkner	socialist
ulysses robinson	green
ulysses ichabod	republican
xavier ovid	independent
luke king	libertarian
alice nixon	green
xavier white	socialist
david ovid	libertarian
quinn underhill	socialist
holly miller	independent
holly steinbeck	socialist
fred thompson	green
irene zipper	democrat
zach ichabod	republican
quinn hernandez	republican
victor carson	socialist
rachel miller	socialist
katie nixon	independent
mike thompson	socialist
oscar van buren	socialist
luke laertes	socialist
sarah white	democrat
bob steinbeck	independent
mike allen	libertarian
david nixon	democrat
ethan zipper	socialist
luke falkner	socialist
katie king	republican
yuri ellison	republican
katie thompson	green
zach ovid	green
jessica king	libertarian
alice polk	republican
calvin ellison	libertarian
ulysses brown	green
oscar johnson	green
ethan davidson	republican
ulysses thompson	democrat
quinn brown	green
jessica quirinius	independent
rachel steinbeck	socialist
nick underhill	independent
yuri miller	republican
fred xylophone	socialist
bob quirinius	independent
nick ichabod	green
calvin van buren	libertarian
victor polk	socialist
yuri brown	independent
gabriella van buren	libertarian
ethan polk	libertarian
gabriella robinson	socialist
zach king	republican
rachel zipper	independent
wendy steinbeck	green
oscar robinson	republican
ulysses polk	independent
sarah garcia	socialist
sarah van buren	republican
ethan thompson	socialist
victor ovid	democrat
sarah carson	democrat
mike young	democrat
xavier white	libertarian
quinn miller	libertarian
holly xylophone	socialist
david laertes	socialist
bob johnson	socialist
zach garcia	libertarian
quinn quirinius	green
nick brown	green
calvin quirinius	green
nick xylophone	independent
katie ovid	socialist
irene quirinius	libertarian
tom allen	socialist
mike steinbeck	independent
gabriella polk	socialist
tom young	libertarian
yuri young	libertarian
wendy underhill	republican
katie allen	democrat
gabriella zipper	libertarian
tom underhill	independent
holly allen	socialist
katie davidson	socialist
quinn thompson	independent
jessica robinson	independent
tom van buren	green
alice young	independent
katie davidson	republican
victor carson	green
jessica king	independent
irene polk	libertarian
quinn thompson	democrat
jessica quirinius	independent
xavier miller	independent
luke allen	green
mike robinson	libertarian
luke falkner	independent
holly van buren	green
gabriella garcia	socialist
oscar ovid	libertarian
katie young	independent
wendy polk	democrat
alice underhill	libertarian
irene zipper	libertarian
victor robinson	independent
irene johnson	green
nick king	socialist
holly davidson	green
calvin miller	green
priscilla johnson	libertarian
jessica allen	green
gabriella ichabod	republican
oscar white	republican
bob ovid	republican
david laertes	green
sarah polk	green
ethan zipper	republican
irene van buren	republican
zach nixon	libertarian
victor ichabod	socialist
rachel falkner	libertarian
oscar garcia	independent
xavier nixon	republican
katie falkner	green
nick polk	green
mike xylophone	independent
zach steinbeck	democrat
alice ovid	green
rachel thompson	libertarian
gabriella falkner	independent
quinn nixon	libertarian
yuri laertes	socialist
alice ovid	socialist
rachel young	socialist
gabriella robinson	socialist
david allen	independent
victor steinbeck	socialist
luke steinbeck	libertarian
nick zipper	libertarian
quinn ichabod	green
oscar carson	libertarian
wendy johnson	independent
ethan ellison	libertarian
victor nixon	republican
irene steinbeck	republican
rachel steinbeck	socialist
rachel miller	socialist
mike king	independent
bob underhill	green
alice robinson	libertarian
irene polk	republican
oscar polk	democrat
alice zipper	independent
katie ovid	libertarian
alice zipper	independent
oscar allen	socialist
katie allen	democrat
david garcia	socialist
luke brown	green
irene laertes	republican
alice miller	libertarian
sarah carson	democrat
ulysses ovid	independent
rachel carson	green
quinn thompson	green
yuri ovid	socialist
david ellison	libertarian
victor young	libertarian
luke steinbeck	republican
ulysses white	democrat
tom van buren	independent
mike allen	democrat
zach xylophone	independent
david miller	libertarian
ethan laertes	green
nick ellison	green
nick thompson	democrat
zach laertes	socialist
victor xylophone	socialist
xavier falkner	green
wendy van buren	socialist
calvin polk	socialist
nick steinbeck	democrat
xavier ovid	socialist
bob carson	libertarian
david king	democrat
irene ovid	green
zach polk	republican
yuri white	republican
katie underhill	republican
fred quirinius	green
oscar ichabod	independent
david nixon	republican
david quirinius	green
quinn white	independent
ulysses allen	libertarian
bob carson	independent
rachel robinson	green
xavier garcia	independent
jessica miller	independent
tom steinbeck	green
mike davidson	independent
zach young	democrat
luke hernandez	independent
nick xylophone	independent
tom van buren	socialist
xavier miller	green
ulysses xylophone	democrat
yuri davidson	republican
katie steinbeck	independent
jessica robinson	green
irene thompson	green
mike zipper	socialist
tom garcia	libertarian
bob hernandez	republican
xavier polk	republican
calvin davidson	libertarian
irene steinbeck	republican
mike nixon	libertarian
rachel miller	republican
rachel nixon	socialist
ulysses ichabod	socialist
victor ellison	democrat
holly underhill	independent
wendy thompson	green
yuri king	republican
tom nixon	democrat
irene polk	democrat
katie brown	republican
holly falkner	libertarian
alice falkner	independent
holly allen	green
luke thompson	independent
rachel young	republican
wendy hernandez	republican
xavier brown	libertarian
rachel ellison	green
holly allen	socialist
xavier thompson	independent
oscar van buren	socialist
ulysses quirinius	green
wendy quirinius	independent
fred thompson	republican
ulysses hernandez	independent
david zipper	independent
david davidson	republican
rachel robinson	independent
quinn falkner	democrat
xavier steinbeck	libertarian
luke van buren	libertarian
xavier zipper	socialist
yuri robinson	libertarian
ulysses thompson	republican
ulysses falkner	independent
gabriella miller	democrat
tom young	republican
ethan quirinius	independent
alice garcia	independent
jessica underhill	democrat
tom hernandez	green
xavier van buren	independent
alice ovid	libertarian
fred xylophone	socialist
calvin steinbeck	independent
ethan xylophone	republican
jessica ovid	libertarian
nick van buren	independent
xavier ovid	independent
ethan nixon	green
luke miller	libertarian
jessica thompson	democrat
wendy garcia	independent
quinn falkner	independent
rachel quirinius	libertarian
zach polk	democrat
ulysses johnson	independent
tom underhill	independent
gabriella garcia	democrat
priscilla ellison	republican
ethan miller	independent
zach davidson	independent
david ovid	republican
priscilla thompson	independent
nick johnson	socialist
irene davidson	democrat
fred laertes	socialist
jessica thompson	democrat
fred garcia	green
ulysses miller	republican
nick nixon	libertarian
ethan carson	green
irene underhill	republican
katie allen	democrat
yuri hernandez	libertarian
xavier underhill	socialist
priscilla polk	libertarian
xavier nixon	democrat
ulysses zipper	democrat
holly thompson	independent
mike johnson	socialist
xavier carson	socialist
zach davidson	democrat
bob falkner	green
alice ovid	socialist
david allen	libertarian
priscilla allen	libertarian
priscilla van buren	republican
fred miller	independent
david laertes	republican
holly polk	democrat
alice polk	democrat
wendy laertes	republican
nick ellison	republican
yuri falkner	libertarian
victor polk	independent
xavier nixon	libertarian
luke thompson	green
ulysses underhill	republican
wendy xylophone	green
alice johnson	green
oscar van buren	republican
ulysses robinson	green
luke king	republican
sarah van buren	green
fred ovid	socialist
david garcia	democrat
wendy underhill	socialist
luke white	independent
nick van buren	green
bob young	socialist
nick steinbeck	green
zach white	independent
nick carson	independent
victor ovid	green
victor brown	libertarian
alice hernandez	libertarian
mike laertes	socialist
ulysses steinbeck	green
katie davidson	democrat
yuri brown	independent
ulysses davidson	republican
mike quirinius	independent
sarah nixon	republican
alice davidson	democrat
mike ichabod	libertarian
wendy ichabod	libertarian
mike ovid	socialist
irene young	socialist
calvin ovid	socialist
sarah johnson	green
david polk	green
gabriella van buren	democrat
tom robinson	democrat
sarah laertes	republican
victor quirinius	green
quinn underhill	green
alice ellison	libertarian
ethan carson	independent
rachel ichabod	libertarian
bob carson	republican
quinn xylophone	democrat
irene carson	socialist
zach steinbeck	libertarian
ethan underhill	libertarian
katie quirinius	socialist
sarah quirinius	socialist
luke zipper	republican
ethan nixon	green
mike polk	republican
nick carson	green
oscar young	independent
quinn allen	libertarian
alice miller	libertarian
priscilla davidson	republican
nick zipper	libertarian
gabriella hernandez	libertarian
mike hernandez	socialist
luke polk	democrat
xavier white	independent
fred allen	green
rachel king	libertarian
priscilla carson	libertarian
tom carson	green
alice underhill	socialist
jessica thompson	green
ethan laertes	independent
priscilla white	green
yuri zipper	republican
jessica johnson	independent
xavier young	republican
yuri underhill	green
priscilla underhill	green
jessica polk	green
david xylophone	socialist
rachel king	socialist
wendy nixon	democrat
bob white	green
bob johnson	socialist
ethan laertes	independent
katie carson	green
sarah nixon	democrat
katie ichabod	democrat
nick nixon	independent
xavier underhill	republican
yuri zipper	socialist
bob polk	socialist
gabriella ichabod	democrat
calvin laertes	independent
fred steinbeck	green
holly falkner	independent
xavier laertes	green
gabriella brown	green
alice laertes	socialist
oscar ovid	independent
nick nixon	republican
fred polk	socialist
tom miller	socialist
rachel johnson	democrat
oscar johnson	democrat
jessica zipper	independent
fred white	libertarian
priscilla ellison	independent
gabriella ovid	socialist
calvin quirinius	socialist
ethan quirinius	democrat
jessica laertes	independent
quinn xylophone	libertarian
sarah ichabod	socialist
wendy van buren	independent
priscilla laertes	republican
mike zipper	libertarian
oscar ovid	libertarian
zach allen	republican
yuri polk	libertarian
yuri underhill	socialist
ethan van buren	libertarian
ulysses xylophone	libertarian
gabriella davidson	republican
irene xylophone	libertarian
fred brown	libertarian
luke ellison	libertarian
luke miller	socialist
jessica falkner	democrat
sarah johnson	democrat
mike van buren	green
gabriella thompson	independent
quinn robinson	green
xavier johnson	green
wendy falkner	republican
jessica johnson	democrat
ethan laertes	green
xavier carson	democrat
david polk	republican
holly allen	green
jessica davidson	green
bob zipper	libertarian
gabriella hernandez	green
calvin ellison	socialist
ethan xylophone	independent
gabriella quirinius	independent
quinn white	socialist
alice van buren	democrat
mike nixon	libertarian
calvin steinbeck	republican
bob ichabod	socialist
victor underhill	democrat
calvin steinbeck	democrat
oscar robinson	independent
zach ellison	independent
wendy young	green
xavier johnson	socialist
wendy hernandez	democrat
ethan underhill	socialist
holly van buren	democrat
calvin davidson	libertarian
tom thompson	socialist
irene quirinius	green
nick hernandez	green
david quirinius	socialist
irene laertes	green
quinn allen	socialist
holly falkner	socialist
tom falkner	socialist
xavier laertes	independent
nick allen	republican